"","date_of_interest","BX_CASE_COUNT","BX_HOSPITALIZED_COUNT","BX_DEATH_COUNT","BK_CASE_COUNT","BK_HOSPITALIZED_COUNT","BK_DEATH_COUNT","MN_CASE_COUNT","MN_HOSPITALIZED_COUNT","MN_DEATH_COUNT","QN_CASE_COUNT","QN_HOSPITALIZED_COUNT","QN_DEATH_COUNT","SI_CASE_COUNT","SI_HOSPITALIZED_COUNT","SI_DEATH_COUNT"
"1","02/29/2020",0,0,0,0,1,0,1,0,0,0,0,0,0,0,0
"2","03/01/2020",0,1,0,0,0,0,0,0,0,0,0,0,0,0,0
"3","03/02/2020",0,0,0,0,2,0,0,0,0,0,0,0,0,0,0
"4","03/03/2020",0,1,0,0,3,0,0,1,0,1,2,0,0,0,0
"5","03/04/2020",0,0,0,1,1,0,2,1,0,2,0,0,0,0,0
"6","03/05/2020",0,1,0,3,3,0,0,5,0,0,4,0,0,1,0
"7","03/06/2020",2,1,0,1,1,0,3,3,0,1,2,0,1,1,0
"8","03/07/2020",0,1,0,2,3,0,1,0,0,3,4,0,1,0,0
"9","03/08/2020",3,5,0,5,8,0,6,1,0,6,4,0,1,0,0
"10","03/09/2020",4,7,0,16,11,0,24,10,0,10,8,0,3,2,0
"11","03/10/2020",8,7,0,11,13,0,24,12,0,24,23,0,2,5,0
"12","03/11/2020",19,23,0,31,12,0,62,19,0,40,23,1,3,2,0
"13","03/12/2020",29,19,0,96,33,0,137,16,0,80,35,0,13,3,0
"14","03/13/2020",79,26,0,166,44,0,182,31,0,166,49,0,26,2,0
"15","03/14/2020",86,22,0,163,40,1,176,36,0,194,72,1,23,7,0
"16","03/15/2020",119,37,1,432,52,0,205,33,2,231,67,1,47,20,0
"17","03/16/2020",305,73,3,740,93,1,457,46,0,528,114,4,91,15,0
"18","03/17/2020",343,61,1,783,99,4,567,76,0,651,128,3,108,23,0
"19","03/18/2020",482,110,1,965,123,6,538,87,4,835,152,9,150,23,0
"20","03/19/2020",623,135,4,1204,159,6,555,106,4,1065,208,6,258,26,4
"21","03/20/2020",723,126,13,1136,222,11,653,113,11,1185,247,9,310,33,3
"22","03/21/2020",491,159,12,554,184,12,399,117,5,947,244,14,248,33,1
"23","03/22/2020",495,174,12,755,206,10,317,132,7,696,231,14,317,34,6
"24","03/23/2020",730,219,12,909,296,27,530,186,7,1192,391,28,209,43,8
"25","03/24/2020",927,271,14,1212,361,23,619,205,17,1389,421,35,350,48,6
"26","03/25/2020",1068,313,30,1255,424,37,586,200,20,1571,448,33,394,53,4
"27","03/26/2020",998,319,38,1372,490,50,626,226,29,1644,452,60,404,56,10
"28","03/27/2020",1090,315,36,1426,474,75,656,222,41,1576,513,58,371,65,7
"29","03/28/2020",761,313,62,863,396,77,388,187,28,1201,451,92,266,50,13
"30","03/29/2020",699,324,55,1149,465,89,407,160,35,1075,505,94,230,64,17
"31","03/30/2020",1315,352,75,1754,558,106,802,276,34,1859,610,98,398,72,10
"32","03/31/2020",1282,390,98,1512,544,127,616,223,43,1811,592,96,237,69,22
"33","04/01/2020",1240,377,93,1590,515,135,573,217,59,1782,579,144,264,83,16
"34","04/02/2020",1289,355,96,1610,447,171,652,242,62,1826,572,140,369,74,29
"35","04/03/2020",1452,384,116,1440,449,144,671,257,51,1762,560,159,345,69,29
"36","04/04/2020",1012,312,106,920,379,165,385,199,62,1203,521,158,345,54,20
"37","04/05/2020",822,311,124,1143,404,165,356,191,86,1135,438,181,323,72,22
"38","04/06/2020",1514,389,112,1461,475,169,721,265,69,1927,551,202,730,83,24
"39","04/07/2020",1463,334,115,1397,468,180,605,194,92,1949,536,184,630,69,27
"40","04/08/2020",1305,357,114,1305,455,171,546,172,66,1857,517,183,562,63,34
"41","04/09/2020",1285,272,108,1369,417,188,558,191,65,1560,428,172,298,53,25
"42","04/10/2020",1227,296,116,1145,330,178,495,178,69,1342,439,155,301,62,19
"43","04/11/2020",998,248,132,1131,299,160,304,132,60,987,329,164,311,47,28
"44","04/12/2020",763,229,110,703,255,201,252,130,62,916,298,174,253,44,26
"45","04/13/2020",693,263,122,1066,327,157,393,171,71,974,342,192,185,58,25
"46","04/14/2020",1076,203,111,1038,265,152,440,140,59,1300,337,161,290,46,24
"47","04/15/2020",1068,202,95,882,247,133,429,130,56,1180,263,148,317,32,24
"48","04/16/2020",940,173,86,885,230,126,355,105,55,1139,238,132,211,42,14
"49","04/17/2020",916,170,88,962,232,118,330,106,41,1099,254,122,279,32,15
"50","04/18/2020",552,135,62,575,156,116,187,84,57,705,185,136,153,29,19
"51","04/19/2020",532,142,79,635,124,118,176,69,48,866,174,135,134,28,19
"52","04/20/2020",981,142,78,983,187,95,381,96,49,1223,188,124,224,32,16
"53","04/21/2020",641,143,70,896,162,92,372,91,47,937,173,103,216,24,11
"54","04/22/2020",927,120,67,854,140,107,382,91,37,1109,154,86,173,17,14
"55","04/23/2020",735,110,58,786,126,106,400,56,47,793,137,106,127,22,13
"56","04/24/2020",579,99,62,630,128,93,408,80,47,775,138,98,143,29,14
"57","04/25/2020",418,79,57,404,94,77,145,42,40,540,91,82,88,23,9
"58","04/26/2020",196,75,54,332,76,61,98,43,34,331,100,89,46,17,7
"59","04/27/2020",551,91,54,607,92,86,302,61,30,723,107,91,107,20,9
"60","04/28/2020",668,88,56,709,92,57,323,56,35,896,106,73,130,15,8
"61","04/29/2020",557,78,40,683,94,71,285,43,32,691,87,80,124,13,14
"62","04/30/2020",482,59,45,600,74,65,217,31,35,593,79,67,130,12,11
"63","05/01/2020",450,70,45,497,66,56,240,33,24,622,81,77,78,13,8
"64","05/02/2020",263,50,49,263,53,45,138,23,22,333,64,61,61,18,12
"65","05/03/2020",153,44,27,245,58,45,103,33,35,251,70,55,35,13,15
"66","05/04/2020",349,58,33,461,73,42,214,38,19,437,60,55,89,14,8
"67","05/05/2020",294,64,26,432,66,49,242,26,18,462,49,46,82,11,12
"68","05/06/2020",279,56,29,450,62,38,165,27,17,443,55,59,60,14,8
"69","05/07/2020",298,43,28,403,53,46,119,18,23,358,51,40,60,13,4
"70","05/08/2020",250,41,22,344,52,43,99,20,13,344,43,48,42,11,5
"71","05/09/2020",175,31,21,119,38,28,75,12,14,256,34,33,32,9,3
"72","05/10/2020",75,24,12,188,36,26,95,22,19,85,18,37,14,5,8
"73","05/11/2020",226,46,27,410,50,32,192,23,14,376,58,27,27,4,3
"74","05/12/2020",355,26,19,400,38,33,163,13,14,314,26,18,53,10,6
"75","05/13/2020",461,27,16,362,47,23,156,18,8,307,27,30,47,12,6
"76","05/14/2020",255,26,11,332,39,14,149,23,16,332,44,23,42,11,6
"77","05/15/2020",181,25,15,259,43,27,135,23,11,265,32,27,33,7,6
"78","05/16/2020",108,17,27,165,30,24,51,11,10,136,30,21,25,3,2
"79","05/17/2020",56,23,19,138,18,19,50,7,11,106,28,26,10,5,2
"80","05/18/2020",187,21,11,266,28,17,129,24,7,275,33,22,38,6,2
"81","05/19/2020",182,27,12,327,38,16,165,19,10,287,26,12,42,6,5
"82","05/20/2020",278,17,15,323,32,21,164,11,12,256,16,24,56,5,7
"83","05/21/2020",199,20,11,336,32,15,145,9,6,311,19,9,78,5,3
"84","05/22/2020",264,25,13,350,33,15,153,14,5,237,26,28,32,4,5
"85","05/23/2020",90,18,17,143,23,20,47,9,7,138,21,14,37,4,2
"86","05/24/2020",101,19,13,161,22,12,69,21,5,121,19,13,15,5,5
"87","05/25/2020",103,26,8,160,20,14,69,11,12,116,20,11,16,3,2
"88","05/26/2020",283,22,9,313,21,11,127,9,6,269,21,9,58,4,1
"89","05/27/2020",184,18,9,242,19,10,107,11,9,165,24,18,43,4,2
"90","05/28/2020",119,14,12,219,26,12,97,11,3,181,21,10,30,7,1
"91","05/29/2020",164,20,6,161,23,16,74,11,5,213,28,14,27,3,2
"92","05/30/2020",82,14,13,101,18,10,38,6,12,110,14,17,15,2,1
"93","05/31/2020",30,13,6,84,17,11,25,9,4,79,21,16,12,0,2
"94","06/01/2020",158,17,3,250,34,10,77,13,3,158,15,15,43,2,3
"95","06/02/2020",123,12,8,178,23,6,72,9,7,163,14,15,34,6,1
"96","06/03/2020",116,16,11,131,28,13,75,8,7,148,20,9,45,3,3
"97","06/04/2020",127,14,4,127,28,10,86,11,8,148,21,9,29,1,2
"98","06/05/2020",108,9,9,131,18,6,52,9,7,103,18,4,8,1,1
"99","06/06/2020",50,10,12,58,10,11,33,6,1,99,14,10,7,2,0
"100","06/07/2020",43,13,7,52,18,6,24,9,1,74,10,10,4,4,1
"101","06/08/2020",96,9,10,111,20,13,75,9,2,146,22,14,19,2,0
"102","06/09/2020",84,14,6,119,23,6,66,11,7,131,13,9,19,4,2
"103","06/10/2020",75,14,9,99,17,11,67,14,1,108,17,9,14,3,2
"104","06/11/2020",66,11,6,113,15,4,54,8,2,114,15,8,16,1,1
"105","06/12/2020",80,13,4,122,21,6,58,5,3,131,10,9,18,3,0
"106","06/13/2020",47,4,5,50,11,4,23,5,3,74,14,2,2,1,1
"107","06/14/2020",27,12,7,53,14,6,28,5,2,68,16,6,4,0,2
"108","06/15/2020",81,14,5,103,22,4,55,5,3,123,11,6,18,0,2
"109","06/16/2020",80,12,2,132,23,5,67,6,2,120,19,7,20,1,0
"110","06/17/2020",68,11,2,115,15,6,65,7,3,92,17,9,16,0,0
"111","06/18/2020",60,9,1,112,16,4,58,6,4,123,25,5,25,1,1
"112","06/19/2020",82,11,3,91,23,3,56,2,4,123,8,3,9,1,2
"113","06/20/2020",53,5,5,46,10,3,44,3,2,54,8,5,6,0,2
"114","06/21/2020",25,6,5,55,16,6,25,7,3,58,13,7,9,2,1
"115","06/22/2020",92,12,2,110,16,5,63,8,1,119,10,8,18,2,2
"116","06/23/2020",73,7,5,95,17,4,76,5,4,121,13,4,16,2,0
"117","06/24/2020",90,8,2,101,19,6,73,7,2,103,15,7,14,4,1
"118","06/25/2020",65,13,4,81,10,4,46,5,2,78,12,4,28,3,1
"119","06/26/2020",66,8,3,95,14,3,63,4,6,77,5,4,16,2,1
"120","06/27/2020",26,10,1,70,20,7,37,6,2,60,6,1,13,1,1
"121","06/28/2020",35,6,3,57,11,1,41,3,3,57,12,4,11,0,0
"122","06/29/2020",75,7,3,127,21,4,80,4,1,132,14,5,23,1,3
"123","06/30/2020",77,9,2,127,17,2,94,8,2,114,10,5,29,2,0
"124","07/01/2020",59,8,1,121,12,3,83,7,1,93,12,3,39,0,1
"125","07/02/2020",76,10,0,127,14,3,79,8,8,117,14,2,17,0,3
"126","07/03/2020",41,4,5,72,14,3,48,7,0,65,4,3,8,1,0
"127","07/04/2020",21,4,1,23,8,3,32,8,0,32,9,0,12,1,1
"128","07/05/2020",20,6,4,53,5,1,32,6,2,38,12,1,12,0,0
"129","07/06/2020",68,8,2,142,18,2,76,7,1,117,19,2,28,2,0
"130","07/07/2020",112,20,1,123,6,2,88,8,2,106,12,1,32,1,0
"131","07/08/2020",83,8,3,121,12,2,120,8,2,88,4,4,25,2,2
"132","07/09/2020",91,17,1,104,11,4,84,6,0,94,11,0,18,1,0
"133","07/10/2020",65,9,3,90,17,1,47,1,0,91,15,1,13,3,0
"134","07/11/2020",40,6,1,73,14,2,47,5,2,86,9,3,13,0,0
"135","07/12/2020",44,7,0,55,10,2,42,3,0,69,6,2,13,0,0
"136","07/13/2020",108,11,5,123,15,1,79,7,3,138,11,4,35,5,0
"137","07/14/2020",70,11,2,111,9,4,81,8,1,121,15,3,19,0,0
"138","07/15/2020",107,9,2,150,21,2,70,3,1,91,10,7,22,2,0
"139","07/16/2020",94,13,1,90,7,1,83,4,1,109,7,3,35,3,0
"140","07/17/2020",75,7,1,106,14,0,104,11,2,106,17,6,22,1,0
"141","07/18/2020",54,6,1,58,6,4,36,5,2,49,8,2,19,1,0
"142","07/19/2020",39,7,1,41,11,3,33,2,3,46,16,0,17,2,0
"143","07/20/2020",95,12,1,85,11,4,80,5,2,109,7,1,32,3,0
"144","07/21/2020",71,5,2,79,9,3,69,2,0,100,6,1,21,2,0
"145","07/22/2020",79,8,2,96,14,1,58,5,0,76,11,3,20,2,0
"146","07/23/2020",69,4,0,84,7,3,65,10,0,63,7,4,27,5,0
"147","07/24/2020",73,12,1,68,12,1,54,4,0,75,11,2,28,1,1
"148","07/25/2020",25,9,5,35,12,2,34,3,1,46,8,2,13,4,0
"149","07/26/2020",30,6,1,40,6,4,18,6,0,33,5,2,19,2,0
"150","07/27/2020",58,12,1,78,11,1,71,5,1,79,10,0,26,1,0
"151","07/28/2020",58,7,5,106,18,1,58,2,2,73,7,4,18,4,0
"152","07/29/2020",80,5,1,73,12,1,54,6,1,67,5,1,13,2,1
"153","07/30/2020",58,6,1,99,15,2,44,3,1,61,11,0,12,2,0
"154","07/31/2020",55,8,1,80,9,1,51,9,0,58,6,1,18,3,0
"155","08/01/2020",37,5,2,58,15,3,33,5,0,54,1,1,7,2,0
"156","08/02/2020",30,5,0,38,9,2,26,3,0,33,12,0,8,4,0
"157","08/03/2020",96,13,1,93,12,0,56,6,0,84,8,1,19,1,0
"158","08/04/2020",47,11,1,49,12,1,38,2,1,46,6,1,7,1,0
"159","08/05/2020",66,9,0,90,14,0,47,3,2,80,13,3,15,0,0
"160","08/06/2020",65,8,1,86,12,2,53,4,1,66,7,1,18,3,0
"161","08/07/2020",53,7,0,90,9,0,49,4,0,57,3,2,6,0,0
"162","08/08/2020",30,7,0,57,8,1,23,0,3,43,5,0,7,1,0
"163","08/09/2020",19,8,1,48,9,0,18,3,0,36,6,2,12,1,0
"164","08/10/2020",89,10,1,75,14,1,49,6,1,77,9,2,22,2,0
"165","08/11/2020",70,10,0,82,9,1,42,0,2,51,2,1,18,4,0
"166","08/12/2020",59,7,1,114,7,0,43,6,0,86,11,0,18,0,0
"167","08/13/2020",61,9,1,86,13,2,50,7,0,67,10,0,12,0,0
"168","08/14/2020",68,6,1,80,11,0,44,5,0,69,14,0,16,2,1
"169","08/15/2020",42,6,2,33,7,1,25,3,1,42,5,0,9,2,0
"170","08/16/2020",23,10,2,49,5,1,22,0,0,39,5,2,7,1,0
"171","08/17/2020",71,9,0,96,5,1,57,4,1,95,15,2,14,0,1
"172","08/18/2020",55,14,1,66,9,0,61,2,0,87,12,0,14,2,0
"173","08/19/2020",50,5,0,69,14,1,51,8,0,69,7,0,18,1,0
"174","08/20/2020",64,14,3,56,8,3,33,4,0,54,10,1,20,1,0
"175","08/21/2020",52,9,0,75,9,0,51,4,0,60,9,3,14,0,0
"176","08/22/2020",29,6,0,36,6,2,30,7,1,34,7,2,7,1,1
"177","08/23/2020",32,3,2,55,7,0,16,2,1,40,11,0,7,0,0
"178","08/24/2020",64,14,5,85,9,1,49,6,1,84,5,0,15,2,1
"179","08/25/2020",64,10,1,84,14,2,54,7,0,69,8,0,12,1,0
"180","08/26/2020",64,5,1,117,14,0,50,2,2,66,5,3,16,2,0
"181","08/27/2020",53,8,1,99,9,0,48,2,0,61,10,0,13,2,0
"182","08/28/2020",77,4,2,78,9,0,52,1,1,52,7,1,21,1,0
"183","08/29/2020",28,7,1,38,9,1,23,2,0,32,4,0,7,1,0
"184","08/30/2020",20,2,2,62,5,1,37,3,0,42,6,1,25,4,0
"185","08/31/2020",46,9,1,118,14,0,52,6,0,77,12,0,22,1,0
"186","09/01/2020",52,5,1,89,9,0,55,1,0,73,5,1,24,1,1
"187","09/02/2020",42,4,0,94,14,2,48,1,1,69,10,1,17,0,0
"188","09/03/2020",40,2,1,91,7,2,35,1,0,90,7,0,17,1,0
"189","09/04/2020",44,10,1,71,8,1,30,2,1,59,9,2,26,2,0
"190","09/05/2020",30,5,0,46,10,3,22,2,0,34,5,0,24,0,0
"191","09/06/2020",18,4,2,87,15,2,27,3,1,62,8,2,13,1,0
"192","09/07/2020",32,3,0,75,7,0,40,2,0,52,6,0,18,2,0
"193","09/08/2020",81,8,1,126,8,1,58,3,0,98,6,0,30,1,0
"194","09/09/2020",56,6,1,119,11,0,71,3,0,82,10,1,25,1,0
"195","09/10/2020",45,2,1,124,9,1,57,4,0,70,7,1,27,3,0
"196","09/11/2020",55,9,2,111,9,2,54,6,0,77,7,0,16,2,0
"197","09/12/2020",35,2,1,51,3,0,36,1,0,61,4,3,19,1,0
"198","09/13/2020",19,2,0,118,8,2,45,1,0,68,5,1,13,1,0
"199","09/14/2020",75,4,1,178,15,2,77,6,0,105,5,2,26,2,0
"200","09/15/2020",62,11,2,189,6,0,65,4,0,81,8,1,18,1,0
"201","09/16/2020",60,7,1,200,24,0,84,4,1,94,10,3,18,1,1
"202","09/17/2020",61,11,1,163,13,1,88,4,0,104,5,2,25,2,0
"203","09/18/2020",45,10,1,108,15,2,46,5,0,69,7,0,24,0,0
"204","09/19/2020",30,3,1,65,6,2,48,4,1,60,7,1,13,1,0
"205","09/20/2020",32,8,0,78,9,3,46,3,1,43,3,1,21,1,0
"206","09/21/2020",73,8,1,264,13,1,75,0,1,122,6,0,24,2,0
"207","09/22/2020",67,7,0,209,12,3,88,2,0,107,13,0,26,0,0
"208","09/23/2020",89,5,1,271,24,1,100,2,1,115,7,0,37,0,1
"209","09/24/2020",71,7,0,263,15,1,82,6,2,100,11,0,26,3,0
"210","09/25/2020",49,8,2,192,20,1,69,6,1,125,11,1,28,1,0
"211","09/26/2020",42,5,3,109,8,1,35,3,0,61,9,1,33,2,0
"212","09/27/2020",32,5,0,181,19,2,35,2,0,106,8,0,28,3,0
"213","09/28/2020",82,7,1,139,12,1,58,3,0,110,14,1,47,2,0
"214","09/29/2020",65,7,2,355,18,2,95,9,0,175,13,2,33,3,0
"215","09/30/2020",52,2,2,284,33,4,93,8,1,135,9,0,41,0,1
"216","10/01/2020",82,7,0,332,22,1,120,5,0,145,6,4,26,1,0
"217","10/02/2020",80,5,0,271,26,1,78,4,0,140,13,2,36,2,0
"218","10/03/2020",34,1,1,93,12,1,57,4,0,98,5,2,17,3,1
"219","10/04/2020",34,4,0,162,22,3,29,4,0,84,11,3,26,4,1
"220","10/05/2020",94,10,0,355,25,0,84,2,0,196,17,0,37,2,0
"221","10/06/2020",67,5,0,251,23,2,79,8,0,145,11,1,29,1,0
"222","10/07/2020",75,9,1,223,22,1,74,5,1,132,10,1,37,0,0
"223","10/08/2020",83,8,0,217,20,3,80,7,0,112,8,2,33,4,0
"224","10/09/2020",92,6,1,184,29,0,74,4,0,143,13,1,31,3,0
"225","10/10/2020",36,3,1,96,18,0,46,5,0,99,7,2,36,5,1
"226","10/11/2020",38,12,2,115,20,2,29,5,2,85,11,1,14,1,0
"227","10/12/2020",53,3,1,223,29,1,85,7,4,116,13,1,37,0,1
"228","10/13/2020",91,9,0,224,18,3,100,2,0,128,16,2,45,5,0
"229","10/14/2020",89,4,2,215,23,3,86,6,0,159,20,1,33,5,0
"230","10/15/2020",91,13,1,239,33,2,90,5,2,144,20,3,40,3,0
"231","10/16/2020",78,9,1,163,19,3,91,5,2,132,12,1,38,4,0
"232","10/17/2020",64,7,1,91,9,3,61,4,0,110,9,1,39,6,0
"233","10/18/2020",45,5,2,172,17,1,39,4,0,123,11,0,33,3,1
"234","10/19/2020",107,10,0,204,26,6,101,11,0,178,18,0,36,4,1
"235","10/20/2020",91,9,0,214,33,2,104,9,0,154,19,3,38,4,0
"236","10/21/2020",96,10,0,203,19,3,118,4,1,188,12,0,49,8,1
"237","10/22/2020",122,9,0,242,14,2,137,10,0,182,16,1,76,4,0
"238","10/23/2020",115,9,1,199,24,1,78,6,1,161,18,1,48,3,1
"239","10/24/2020",73,8,0,120,24,0,58,5,0,103,6,1,32,4,0
"240","10/25/2020",67,8,2,128,23,3,48,3,2,87,7,1,32,3,1
"241","10/26/2020",132,9,0,221,13,2,118,7,1,154,22,1,69,5,0
"242","10/27/2020",119,8,3,237,25,3,129,4,2,180,6,1,76,3,0
"243","10/28/2020",124,8,0,231,16,3,135,4,0,203,14,0,90,3,1
"244","10/29/2020",100,11,0,192,22,2,117,9,1,156,12,1,56,5,0
"245","10/30/2020",115,12,1,192,18,4,102,6,2,168,20,1,77,6,2
"246","10/31/2020",65,7,0,117,18,2,52,5,0,117,13,2,52,5,0
"247","11/01/2020",57,8,0,231,19,9,66,10,0,102,11,2,45,8,1
"248","11/02/2020",159,14,1,337,22,7,144,8,1,220,18,1,93,3,0
"249","11/03/2020",153,11,2,319,29,6,158,12,2,181,18,2,92,5,0
"250","11/04/2020",187,13,0,312,28,7,199,10,0,277,12,1,138,6,1
"251","11/05/2020",198,14,3,312,28,4,212,14,0,306,20,2,111,9,0
"252","11/06/2020",192,9,4,238,20,2,179,14,0,297,20,3,131,1,1
"253","11/07/2020",134,16,1,224,12,5,148,6,2,250,23,4,89,3,1
"254","11/08/2020",106,11,2,224,20,3,133,7,0,226,16,2,99,11,1
"255","11/09/2020",240,18,0,418,28,1,268,8,0,417,21,4,202,5,0
"256","11/10/2020",274,19,2,459,30,2,311,9,2,409,22,1,146,9,0
"257","11/11/2020",239,23,1,394,13,2,290,17,3,448,29,2,169,18,1
"258","11/12/2020",248,19,4,383,21,6,300,10,2,406,19,2,164,11,2
"259","11/13/2020",272,20,1,356,32,2,263,9,1,430,20,1,173,12,1
"260","11/14/2020",193,25,1,238,32,5,159,11,1,324,23,1,111,11,1
"261","11/15/2020",135,14,2,232,26,6,134,13,1,243,28,1,152,12,4
"262","11/16/2020",314,24,0,496,34,1,332,15,4,503,44,1,187,10,2
"263","11/17/2020",337,21,1,493,30,3,288,13,0,422,31,4,190,8,2
"264","11/18/2020",307,24,0,468,40,4,336,13,0,445,30,4,197,13,2
"265","11/19/2020",362,22,1,491,37,6,347,15,1,457,38,1,200,20,0
"266","11/20/2020",328,24,2,435,40,2,328,18,0,458,36,2,224,17,1
"267","11/21/2020",254,18,1,354,26,3,196,14,3,325,41,0,161,20,4
"268","11/22/2020",183,15,4,340,39,1,159,14,0,287,30,4,178,19,1
"269","11/23/2020",437,34,0,575,39,7,411,16,1,605,39,4,289,25,1
"270","11/24/2020",376,19,2,553,39,2,372,12,5,535,42,4,238,19,3
"271","11/25/2020",425,25,2,632,42,4,383,12,2,635,42,1,295,20,4
"272","11/26/2020",137,26,1,246,41,3,138,27,1,204,43,0,92,19,2
"273","11/27/2020",387,24,1,603,46,3,386,25,2,649,38,4,273,27,5
"274","11/28/2020",333,21,4,453,33,3,329,19,3,509,42,2,215,12,1
"275","11/29/2020",244,31,3,562,44,3,299,19,1,506,48,4,280,24,4
"276","11/30/2020",460,41,5,899,41,4,424,33,1,734,61,6,378,14,2
"277","12/01/2020",589,44,1,947,47,3,551,21,2,858,64,5,363,25,9
"278","12/02/2020",540,26,5,860,52,10,502,23,2,843,51,6,384,23,4
"279","12/03/2020",523,47,0,847,59,4,455,19,7,783,57,4,337,35,3
"280","12/04/2020",562,36,5,768,60,6,401,22,2,757,42,7,328,23,6
"281","12/05/2020",325,32,3,506,43,6,210,27,2,597,58,8,249,20,4
"282","12/06/2020",250,36,2,556,51,4,216,19,2,517,47,11,216,22,2
"283","12/07/2020",554,46,2,964,58,7,449,28,2,967,61,6,370,32,2
"284","12/08/2020",496,42,4,922,70,8,450,35,1,900,56,5,291,22,4
"285","12/09/2020",528,58,4,913,80,9,496,46,2,851,62,7,318,37,5
"286","12/10/2020",571,44,7,940,75,2,463,28,5,897,72,9,277,27,2
"287","12/11/2020",501,58,3,837,63,8,494,32,2,880,69,10,266,23,7
"288","12/12/2020",392,39,5,600,61,9,297,29,2,699,59,9,218,23,8
"289","12/13/2020",311,41,4,645,58,5,296,32,7,676,79,4,248,19,6
"290","12/14/2020",614,52,4,1111,80,6,500,36,3,1004,81,13,350,19,4
"291","12/15/2020",634,41,2,1065,78,11,551,41,4,1092,63,9,339,17,6
"292","12/16/2020",445,47,8,842,69,15,454,22,4,810,65,9,236,13,4
"293","12/17/2020",266,48,7,649,71,7,336,30,6,489,64,10,186,20,5
"294","12/18/2020",619,67,7,1024,79,13,521,37,3,928,71,12,335,20,4
"295","12/19/2020",405,47,5,764,69,9,331,32,4,797,74,8,260,19,4
"296","12/20/2020",292,42,4,768,83,5,295,32,7,698,68,7,293,22,7
"297","12/21/2020",716,64,5,1307,100,7,598,58,10,1288,93,16,429,20,3
"298","12/22/2020",732,54,8,1251,88,16,548,50,7,1207,72,12,364,24,10
"299","12/23/2020",636,49,7,1098,115,13,525,44,7,1186,75,7,399,23,5
"300","12/24/2020",503,49,6,965,98,9,433,37,5,873,81,15,241,13,4
"301","12/25/2020",154,43,6,345,85,12,153,51,6,298,76,8,96,13,7
"302","12/26/2020",537,43,8,1024,89,9,427,34,7,1072,79,11,393,21,2
"303","12/27/2020",480,34,4,915,90,16,314,32,9,868,68,7,312,19,9
"304","12/28/2020",1020,66,8,1600,107,13,679,55,4,1530,108,11,562,20,7
"305","12/29/2020",993,63,9,1414,88,14,613,57,8,1602,98,9,584,19,9
"306","12/30/2020",967,69,4,1398,97,16,661,41,5,1493,93,11,465,18,4
"307","12/31/2020",665,55,4,936,91,21,396,41,3,1009,81,10,387,20,3
"308","01/01/2021",206,60,9,416,83,16,163,36,2,433,94,5,122,28,3
"309","01/02/2021",723,56,13,1108,97,18,519,48,5,1342,100,13,509,26,8
"310","01/03/2021",512,53,8,1065,96,11,396,38,5,1092,103,10,400,15,5
"311","01/04/2021",1257,65,9,1894,140,24,917,62,6,1877,116,14,658,29,8
"312","01/05/2021",1166,72,12,1759,101,22,892,53,9,1822,103,18,518,24,5
"313","01/06/2021",1109,71,12,1605,113,19,758,44,2,1687,123,20,524,31,6
"314","01/07/2021",982,65,4,1640,111,18,799,35,13,1571,122,10,452,28,7
"315","01/08/2021",983,63,9,1455,115,15,780,33,9,1600,119,19,481,26,8
"316","01/09/2021",677,61,16,1008,94,20,447,35,11,1188,112,19,371,29,4
"317","01/10/2021",462,52,9,1007,88,17,366,48,3,1020,98,19,344,27,4
"318","01/11/2021",1142,88,8,1755,128,12,845,55,6,1702,110,30,469,28,2
"319","01/12/2021",999,89,8,1618,125,30,672,49,9,1534,103,21,415,31,5
"320","01/13/2021",1044,95,4,1534,130,22,695,60,7,1526,113,28,378,33,6
"321","01/14/2021",995,79,6,1557,136,22,749,62,7,1539,121,25,419,34,5
"322","01/15/2021",933,73,12,1401,129,10,663,49,12,1491,112,19,356,32,9
"323","01/16/2021",607,69,12,1073,106,20,444,54,5,1059,121,27,297,25,2
"324","01/17/2021",501,70,7,904,103,24,395,55,6,862,87,16,256,23,2
"325","01/18/2021",768,98,17,1462,144,22,600,55,8,1435,119,20,379,33,6
"326","01/19/2021",1085,73,11,1475,117,28,724,64,11,1519,114,26,337,24,6
"327","01/20/2021",1038,84,6,1353,108,27,727,51,9,1439,116,25,352,18,7
"328","01/21/2021",962,87,11,1404,121,20,722,64,12,1501,121,16,350,25,4
"329","01/22/2021",1062,99,11,1323,128,31,707,58,9,1291,120,24,330,29,4
"330","01/23/2021",682,75,12,1012,94,28,499,53,9,1023,82,19,245,21,10
"331","01/24/2021",507,77,9,908,101,20,413,50,9,923,91,23,179,20,7
"332","01/25/2021",1176,102,10,1763,111,19,876,64,12,1633,112,17,365,19,7
"333","01/26/2021",1005,83,9,1420,101,30,765,52,12,1389,118,26,285,21,2
"334","01/27/2021",991,88,11,1505,133,30,823,57,23,1408,124,21,279,28,5
"335","01/28/2021",966,106,20,1432,114,16,755,52,16,1367,105,27,271,16,7
"336","01/29/2021",733,84,19,1099,128,26,530,69,9,1073,113,28,234,16,6
"337","01/30/2021",557,59,14,875,77,27,359,47,9,921,73,25,164,18,4
"338","01/31/2021",548,63,7,883,100,27,333,38,9,912,90,24,218,17,6
"339","02/01/2021",169,84,12,344,83,22,189,41,5,234,70,22,44,13,3
"340","02/02/2021",434,89,13,873,141,30,441,60,7,769,97,21,142,18,6
"341","02/03/2021",1093,96,15,1505,148,19,823,70,14,1403,107,21,321,18,7
"342","02/04/2021",1069,87,20,1388,142,26,705,73,15,1404,120,26,285,14,3
"343","02/05/2021",953,101,13,1245,137,32,537,69,12,1180,114,20,242,20,4
"344","02/06/2021",719,81,12,900,93,26,389,67,9,892,97,23,180,22,7
"345","02/07/2021",324,84,20,567,103,18,202,39,15,453,75,22,99,10,3
"346","02/08/2021",972,98,19,1345,124,23,610,60,16,1237,92,18,267,19,5
"347","02/09/2021",874,96,10,1090,107,25,518,57,12,1008,112,21,245,26,3
"348","02/10/2021",868,84,21,1061,117,20,569,43,9,1007,92,23,273,22,5
"349","02/11/2021",724,65,22,931,110,30,549,51,13,978,85,26,228,15,5
"350","02/12/2021",726,79,13,934,107,26,494,48,10,929,88,27,231,24,5
"351","02/13/2021",420,70,14,671,73,25,276,42,13,705,87,25,135,9,5
"352","02/14/2021",371,58,13,585,82,29,245,34,16,579,56,19,114,14,3
"353","02/15/2021",527,71,15,860,95,28,366,48,13,874,89,22,234,16,4
"354","02/16/2021",788,80,17,1110,117,33,611,53,6,1024,93,26,190,12,3
"355","02/17/2021",772,64,24,1006,101,23,541,41,5,921,81,25,196,8,3
"356","02/18/2021",383,52,8,591,78,20,411,38,8,553,82,16,110,10,2
"357","02/19/2021",618,73,9,855,83,17,462,42,11,855,92,20,228,14,0
"358","02/20/2021",510,72,20,681,88,19,346,42,9,785,86,14,172,10,7
"359","02/21/2021",359,58,19,792,85,15,317,34,5,666,85,17,151,14,3
"360","02/22/2021",752,81,12,1116,117,27,547,54,12,982,85,18,228,13,5
"361","02/23/2021",731,70,18,1073,110,20,532,46,12,934,94,20,201,14,3
"362","02/24/2021",713,74,14,1023,107,22,568,48,19,943,118,16,217,10,8
"363","02/25/2021",715,70,18,1027,86,21,514,45,12,962,80,18,262,11,3
"364","02/26/2021",676,55,12,943,100,15,518,54,18,889,105,22,216,15,4
"365","02/27/2021",377,48,8,625,69,28,248,33,8,630,82,19,138,12,2
"366","02/28/2021",329,55,11,733,86,23,252,28,10,574,69,23,149,6,2
"367","03/01/2021",730,74,4,1174,86,22,531,49,8,1030,98,23,261,17,5
"368","03/02/2021",562,55,10,936,81,15,495,48,5,860,69,18,255,21,5
"369","03/03/2021",638,68,20,956,91,14,523,50,16,861,86,17,266,13,4
"370","03/04/2021",575,71,10,935,100,14,495,50,10,860,67,21,252,10,5
"371","03/05/2021",554,67,8,887,70,18,403,33,11,806,68,12,236,20,5
"372","03/06/2021",330,43,13,594,66,13,259,36,12,688,83,15,172,13,3
"373","03/07/2021",291,53,10,595,71,22,238,37,9,604,71,16,147,15,3
"374","03/08/2021",625,60,14,1106,73,16,491,52,11,918,94,19,259,22,7
"375","03/09/2021",581,63,17,1086,73,18,527,47,11,915,86,24,233,16,1
"376","03/10/2021",562,57,17,957,95,19,518,37,7,907,81,15,259,13,4
"377","03/11/2021",544,52,13,964,99,20,464,45,5,922,82,13,213,15,5
"378","03/12/2021",573,61,15,937,93,26,486,36,13,964,91,17,244,14,1
"379","03/13/2021",331,40,11,627,66,22,284,34,7,755,78,17,177,5,5
"380","03/14/2021",249,42,8,643,82,15,224,30,3,661,87,13,149,11,1
"381","03/15/2021",563,62,6,1064,83,17,449,35,12,1093,95,5,226,18,4
"382","03/16/2021",569,45,14,986,80,19,492,40,8,935,74,18,213,15,5
"383","03/17/2021",517,45,8,940,100,8,507,45,12,943,71,13,267,17,4
"384","03/18/2021",499,55,11,857,101,17,446,33,12,887,94,16,232,24,3
"385","03/19/2021",546,58,10,904,84,8,433,35,9,897,67,15,267,18,3
"386","03/20/2021",334,53,4,660,88,16,270,31,9,735,74,16,160,17,4
"387","03/21/2021",294,34,7,710,93,13,233,29,9,682,98,18,174,19,3
"388","03/22/2021",654,54,15,1215,99,19,579,48,6,1116,105,11,317,23,3
"389","03/23/2021",566,60,8,1026,92,16,471,33,10,939,84,16,252,16,4
"390","03/24/2021",579,61,5,1048,97,13,526,23,4,1011,91,15,288,23,4
"391","03/25/2021",638,53,13,1147,107,24,587,30,10,1130,98,20,296,25,3
"392","03/26/2021",568,62,12,999,104,23,495,36,5,1045,84,18,309,28,6
"393","03/27/2021",363,54,15,632,88,17,269,34,9,742,78,9,215,14,2
"394","03/28/2021",254,36,10,574,61,15,224,19,7,546,76,19,152,16,6
"395","03/29/2021",626,55,14,1043,100,12,485,37,6,1093,93,15,311,20,1
"396","03/30/2021",593,61,6,938,84,15,472,35,2,935,65,17,247,20,2
"397","03/31/2021",508,49,7,959,104,24,517,26,8,940,91,16,261,21,6
"398","04/01/2021",501,49,14,861,102,18,446,36,6,831,65,16,227,14,3
"399","04/02/2021",360,32,9,847,89,23,380,35,6,812,92,14,221,19,2
"400","04/03/2021",314,46,8,638,78,18,233,27,6,664,74,16,201,12,0
"401","04/04/2021",191,41,10,497,67,13,180,22,6,456,72,15,142,13,3
"402","04/05/2021",505,47,13,1039,88,11,467,30,7,976,86,18,284,17,5
"403","04/06/2021",500,57,8,932,74,15,463,27,4,863,68,15,245,7,4
"404","04/07/2021",467,44,5,868,75,9,412,22,7,788,61,14,227,19,7
"405","04/08/2021",417,38,14,813,73,20,322,27,7,787,71,10,236,11,3
"406","04/09/2021",356,45,9,803,52,26,321,28,8,734,64,10,253,19,1
"407","04/10/2021",231,34,6,564,61,13,196,25,7,583,58,19,150,12,3
"408","04/11/2021",179,27,6,462,51,21,148,17,7,397,59,17,129,8,2
"409","04/12/2021",404,39,7,853,58,16,331,33,5,742,64,12,205,12,1
"410","04/13/2021",385,31,5,774,70,13,344,30,5,693,62,11,167,14,2
"411","04/14/2021",349,36,7,722,67,11,319,25,6,638,53,10,214,13,1
"412","04/15/2021",354,45,7,640,66,11,282,28,8,561,65,11,179,17,5
"413","04/16/2021",259,32,2,595,76,14,226,21,2,565,55,10,184,15,2
"414","04/17/2021",209,26,4,411,59,17,129,16,5,411,55,8,115,10,1
"415","04/18/2021",164,30,2,357,68,17,128,12,7,296,44,7,105,14,2
"416","04/19/2021",287,30,5,641,58,15,231,20,5,543,55,12,182,16,4
"417","04/20/2021",286,26,4,518,61,13,222,19,2,434,39,12,146,11,2
"418","04/21/2021",209,15,2,513,43,12,181,11,4,388,35,17,132,13,0
"419","04/22/2021",227,41,5,489,50,18,142,13,4,375,48,11,127,10,3
"420","04/23/2021",217,23,12,438,51,11,130,19,6,369,46,15,134,14,2
"421","04/24/2021",125,22,3,308,30,10,87,12,6,255,30,9,79,9,1
"422","04/25/2021",95,22,5,270,36,6,75,17,2,245,41,9,69,4,2
"423","04/26/2021",227,30,5,498,50,16,167,16,2,358,43,7,122,7,1
"424","04/27/2021",204,18,5,390,45,10,145,8,5,301,37,9,97,9,2
"425","04/28/2021",190,18,4,418,45,12,129,19,4,362,37,9,111,9,0
"426","04/29/2021",154,20,7,392,44,8,150,18,3,267,27,12,90,9,1
"427","04/30/2021",171,17,5,322,33,14,103,11,5,274,29,11,80,3,3
"428","05/01/2021",86,14,4,190,23,10,63,13,5,181,26,10,58,3,2
"429","05/02/2021",73,14,1,220,22,13,50,8,4,165,16,10,60,12,2
"430","05/03/2021",151,17,4,316,29,6,127,11,4,268,29,5,73,4,4
"431","05/04/2021",156,12,4,297,46,10,103,11,1,239,23,6,81,6,7
"432","05/05/2021",141,15,7,243,25,8,107,9,4,224,26,6,61,6,1
"433","05/06/2021",133,10,3,268,22,10,100,16,6,230,30,7,54,5,1
"434","05/07/2021",137,13,4,225,29,10,80,10,4,193,16,14,80,5,4
"435","05/08/2021",61,11,1,121,25,12,41,11,4,123,16,5,38,2,2
"436","05/09/2021",53,9,5,106,18,9,48,9,3,110,24,8,26,1,1
"437","05/10/2021",130,18,6,207,17,9,89,9,3,178,24,9,50,2,1
"438","05/11/2021",90,15,2,216,18,6,70,8,7,188,24,4,64,5,2
"439","05/12/2021",109,9,1,196,25,8,68,11,2,154,15,5,66,4,2
"440","05/13/2021",93,12,4,147,22,7,75,7,4,151,22,8,49,4,1
"441","05/14/2021",77,17,5,145,14,9,58,10,3,160,24,10,46,5,1
"442","05/15/2021",46,7,2,94,21,3,33,2,1,99,8,4,20,4,0
"443","05/16/2021",48,3,1,99,19,7,31,4,2,84,14,5,18,1,1
"444","05/17/2021",79,11,4,151,22,7,72,10,0,114,24,5,37,5,0
"445","05/18/2021",71,10,2,138,16,5,60,7,3,102,19,4,44,2,0
"446","05/19/2021",74,14,4,129,21,7,41,8,1,106,12,1,27,3,1
"447","05/20/2021",67,12,2,134,31,6,51,7,3,111,12,0,33,3,3
"448","05/21/2021",54,11,2,115,11,5,48,9,2,105,15,3,27,6,1
"449","05/22/2021",35,6,0,81,13,5,28,4,2,68,13,8,21,2,2
"450","05/23/2021",29,4,2,63,19,3,17,6,0,55,13,4,23,4,2
"451","05/24/2021",57,7,0,105,9,6,51,4,1,95,14,3,47,1,0
"452","05/25/2021",48,3,2,102,19,1,37,5,0,81,15,3,37,0,0
"453","05/26/2021",44,4,1,81,12,0,40,3,1,74,10,1,10,4,1
"454","05/27/2021",56,11,1,62,11,3,39,10,2,67,12,1,33,3,2
"455","05/28/2021",36,7,1,67,16,3,23,5,2,66,6,3,18,1,3
"456","05/29/2021",22,6,1,32,4,3,23,4,0,40,11,5,9,0,0
"457","05/30/2021",25,4,2,34,14,5,16,5,0,29,3,1,14,1,0
"458","05/31/2021",15,8,3,35,2,2,20,3,3,39,4,4,10,1,0
"459","06/01/2021",72,5,1,59,14,8,52,4,2,76,10,1,30,2,0
"460","06/02/2021",52,6,1,70,15,4,33,4,1,68,14,5,21,5,0
"461","06/03/2021",45,0,0,62,15,4,24,3,1,61,10,3,14,2,2
"462","06/04/2021",57,6,1,66,10,2,34,4,1,43,3,3,25,2,0
"463","06/05/2021",41,3,0,44,3,3,17,3,0,29,4,2,12,3,1
"464","06/06/2021",24,8,1,35,8,2,23,2,1,33,4,1,15,2,0
"465","06/07/2021",57,8,2,64,12,0,32,1,0,46,8,4,19,3,0
"466","06/08/2021",38,11,0,55,7,3,27,6,1,39,10,4,17,1,2
"467","06/09/2021",56,9,1,58,9,5,40,1,0,40,4,3,17,1,0
"468","06/10/2021",33,6,1,46,8,1,30,3,1,35,6,3,12,2,0
"469","06/11/2021",40,6,1,44,6,2,38,5,1,52,6,3,15,2,0
"470","06/12/2021",25,6,2,28,4,1,14,3,1,39,6,1,15,2,0
"471","06/13/2021",18,4,2,35,12,1,19,2,2,31,10,1,12,3,0
"472","06/14/2021",38,6,1,54,12,4,29,2,0,49,5,1,12,1,1
"473","06/15/2021",30,8,0,37,8,3,36,1,1,57,4,1,19,4,1
"474","06/16/2021",29,6,1,46,5,2,31,5,4,41,7,0,26,2,0
"475","06/17/2021",36,10,3,52,9,3,26,2,2,51,7,1,23,1,0
"476","06/18/2021",19,2,1,59,7,3,15,4,1,47,5,1,20,1,2
"477","06/19/2021",18,4,0,29,2,3,22,1,1,24,3,5,14,3,2
"478","06/20/2021",15,4,0,33,10,4,14,2,0,25,7,1,9,2,0
"479","06/21/2021",27,7,1,40,9,0,25,4,0,50,5,2,26,5,0
"480","06/22/2021",22,3,1,50,7,2,33,3,1,49,14,3,17,7,0
"481","06/23/2021",27,3,1,48,11,1,39,3,0,48,6,3,24,1,0
"482","06/24/2021",18,1,1,51,8,3,30,1,0,47,2,1,29,2,0
"483","06/25/2021",12,4,1,61,8,2,28,2,1,55,4,0,24,0,1
"484","06/26/2021",11,4,0,37,7,2,15,2,1,31,2,0,24,3,0
"485","06/27/2021",17,3,0,28,6,0,19,3,0,23,10,1,22,0,0
"486","06/28/2021",29,3,0,49,8,1,45,5,1,53,8,2,30,3,2
"487","06/29/2021",32,1,1,53,8,2,42,4,0,51,8,1,35,0,0
"488","06/30/2021",30,3,0,75,7,2,43,4,1,51,6,1,27,1,0
"489","07/01/2021",27,3,0,63,10,2,29,3,0,52,7,2,33,8,0
"490","07/02/2021",32,6,1,60,13,0,61,5,1,58,8,4,21,5,0
"491","07/03/2021",18,3,1,41,5,2,29,5,1,33,5,2,25,4,0
"492","07/04/2021",14,1,0,32,9,2,25,5,0,34,7,1,19,2,0
"493","07/05/2021",20,3,1,62,5,0,32,3,0,53,4,1,20,1,0
"494","07/06/2021",48,3,2,125,8,1,77,3,0,80,5,0,32,5,0
"495","07/07/2021",49,2,2,147,9,0,72,3,0,88,7,0,44,2,0
"496","07/08/2021",50,5,1,110,8,0,80,3,1,81,5,0,46,3,0
"497","07/09/2021",56,5,0,110,8,1,84,8,0,88,13,0,32,2,1
"498","07/10/2021",37,2,0,63,6,1,49,3,0,59,9,1,30,0,0
"499","07/11/2021",33,8,1,79,6,2,53,2,0,78,11,0,25,1,1
"500","07/12/2021",70,7,1,176,10,0,86,2,0,109,5,3,35,0,0
"501","07/13/2021",43,6,2,152,7,1,101,3,0,97,8,0,64,3,0
"502","07/14/2021",59,11,0,185,13,2,143,7,0,115,14,0,46,2,0
"503","07/15/2021",70,2,0,171,9,1,128,6,0,129,9,3,54,2,1
"504","07/16/2021",73,7,0,183,17,0,121,3,2,117,10,2,61,1,1
"505","07/17/2021",59,11,2,109,8,0,60,5,1,77,9,3,35,6,0
"506","07/18/2021",36,6,0,141,19,1,83,4,0,106,6,1,29,4,0
"507","07/19/2021",110,9,1,276,19,3,176,8,0,171,16,1,78,3,0
"508","07/20/2021",94,7,1,233,21,2,162,8,0,146,14,1,75,4,0
"509","07/21/2021",128,10,0,308,13,0,198,6,1,197,15,0,63,5,1
"510","07/22/2021",136,15,0,326,17,0,226,6,1,195,11,1,88,4,1
"511","07/23/2021",127,9,0,319,18,0,200,6,2,214,15,1,55,5,0
"512","07/24/2021",58,5,0,188,13,2,111,7,0,141,11,0,54,5,0
"513","07/25/2021",68,8,0,214,10,0,119,7,1,168,12,1,67,4,2
"514","07/26/2021",156,8,0,423,21,0,261,12,0,273,18,0,114,4,1
"515","07/27/2021",141,16,1,406,23,1,253,7,1,295,18,1,103,7,1
"516","07/28/2021",188,13,2,384,15,1,275,14,2,286,32,1,108,3,0
"517","07/29/2021",174,11,0,444,21,1,234,14,2,318,18,4,119,13,0
"518","07/30/2021",160,18,1,427,19,4,252,11,2,320,28,2,123,3,0
"519","07/31/2021",126,8,0,263,29,3,152,7,1,214,20,0,95,7,0
"520","08/01/2021",92,10,0,294,17,2,152,5,2,220,15,5,73,3,2
"521","08/02/2021",237,9,0,518,25,2,303,9,1,388,26,1,122,6,0
"522","08/03/2021",232,18,1,489,28,0,345,10,1,365,31,0,153,13,0
"523","08/04/2021",215,12,1,522,38,5,330,9,0,381,18,1,165,13,1
"524","08/05/2021",208,20,1,517,23,2,323,19,0,366,25,2,114,3,1
"525","08/06/2021",211,19,0,520,40,5,285,16,4,418,28,2,141,11,1
"526","08/07/2021",179,18,2,373,28,5,179,12,2,293,21,3,125,8,2
"527","08/08/2021",156,19,1,321,25,2,162,16,0,301,29,1,131,10,2
"528","08/09/2021",290,29,0,625,45,3,308,16,3,495,41,3,173,0,0
"529","08/10/2021",265,37,0,536,33,4,306,16,1,408,29,0,152,6,1
"530","08/11/2021",262,28,2,546,40,1,354,12,3,438,37,3,151,19,0
"531","08/12/2021",232,21,2,578,37,1,324,20,3,451,32,0,172,15,0
"532","08/13/2021",267,30,2,499,48,3,294,15,1,394,40,3,144,7,0
"533","08/14/2021",145,18,1,348,30,4,206,11,1,253,20,3,96,16,1
"534","08/15/2021",140,15,1,422,41,2,198,24,1,304,25,1,81,8,1
"535","08/16/2021",329,27,1,628,44,2,352,15,1,479,42,0,144,7,2
"536","08/17/2021",296,32,6,595,41,4,302,17,1,418,35,3,133,13,1
"537","08/18/2021",273,24,1,555,34,4,362,16,0,461,24,5,162,12,3
"538","08/19/2021",264,19,2,543,30,7,325,13,1,420,25,2,136,10,2
"539","08/20/2021",284,36,0,505,34,3,296,18,0,349,25,3,125,11,0
"540","08/21/2021",180,26,1,338,34,7,183,19,1,272,32,7,118,4,0
"541","08/22/2021",104,23,3,276,33,5,98,16,0,156,28,0,84,6,2
"542","08/23/2021",289,34,1,642,31,5,368,19,0,492,29,5,161,7,1
"543","08/24/2021",300,18,3,613,39,3,349,15,1,405,32,2,168,5,2
"544","08/25/2021",287,26,3,570,32,4,371,19,1,385,30,0,170,4,0
"545","08/26/2021",252,25,2,525,34,4,325,11,2,389,31,2,150,8,3
"546","08/27/2021",242,27,0,463,36,4,266,14,2,347,25,4,133,9,0
"547","08/28/2021",172,13,1,296,26,7,152,14,1,252,30,4,112,3,1
"548","08/29/2021",138,26,2,342,29,7,161,11,0,257,22,3,91,8,1
"549","08/30/2021",305,32,1,583,37,4,375,13,1,392,32,6,182,8,1
"550","08/31/2021",259,30,1,531,35,3,305,25,2,326,24,2,202,12,2
"551","09/01/2021",225,28,3,487,32,2,348,22,2,360,37,6,140,9,0
"552","09/02/2021",212,31,2,478,23,3,263,6,3,304,24,3,174,11,0
"553","09/03/2021",216,17,3,429,26,3,248,11,1,331,22,0,197,4,1
"554","09/04/2021",126,22,3,255,37,4,154,13,1,260,32,3,110,6,1
"555","09/05/2021",138,16,3,334,25,3,158,10,3,214,16,3,110,7,1
"556","09/06/2021",163,18,5,274,25,6,181,10,0,226,21,5,98,6,1
"557","09/07/2021",285,19,4,434,33,2,307,25,0,372,27,1,171,7,0
"558","09/08/2021",234,22,1,465,29,9,371,21,3,390,25,6,131,3,2
"559","09/09/2021",241,38,3,630,27,3,313,11,3,400,19,8,129,8,1
"560","09/10/2021",232,26,2,504,30,6,302,11,1,378,27,6,131,6,0
"561","09/11/2021",139,13,1,335,29,8,170,12,0,288,22,5,104,8,1
"562","09/12/2021",127,14,3,504,30,2,222,14,2,258,26,3,102,6,1
"563","09/13/2021",223,15,3,633,35,4,370,24,1,390,21,2,122,9,2
"564","09/14/2021",201,12,1,609,30,6,311,20,1,372,16,1,147,6,0
"565","09/15/2021",233,13,0,550,36,5,320,7,0,353,29,4,153,11,1
"566","09/16/2021",194,21,2,451,20,2,284,11,2,322,27,4,135,7,1
"567","09/17/2021",174,13,2,560,28,6,322,19,1,365,26,1,104,5,1
"568","09/18/2021",107,17,2,357,30,1,138,17,1,264,22,6,89,3,0
"569","09/19/2021",140,8,2,464,25,9,161,13,1,213,14,4,79,9,0
"570","09/20/2021",244,26,2,545,28,7,296,19,2,404,19,4,150,8,1
"571","09/21/2021",202,18,1,397,25,4,283,14,2,324,23,6,95,5,0
"572","09/22/2021",205,19,2,509,35,6,280,14,0,307,24,5,111,5,0
"573","09/23/2021",139,16,2,513,42,2,223,11,1,324,21,5,90,9,2
"574","09/24/2021",156,9,4,452,35,2,238,12,0,294,24,2,80,2,0
"575","09/25/2021",100,15,3,309,25,5,131,5,1,191,21,5,82,4,1
"576","09/26/2021",97,10,3,333,21,5,139,7,0,201,13,3,86,4,4
"577","09/27/2021",185,17,5,518,29,4,254,7,3,323,20,5,110,4,0
"578","09/28/2021",158,11,2,355,20,5,211,10,2,296,22,4,97,6,0
"579","09/29/2021",150,16,1,368,24,3,211,8,1,269,13,6,96,4,2
"580","09/30/2021",151,13,0,455,22,3,200,7,0,240,17,4,92,6,1
"581","10/01/2021",134,17,1,408,29,2,213,8,1,256,31,3,76,2,1
"582","10/02/2021",75,18,2,280,18,4,122,6,0,156,20,6,48,4,0
"583","10/03/2021",67,11,3,458,28,4,95,10,3,217,16,2,69,2,0
"584","10/04/2021",158,16,5,512,30,3,220,10,1,293,19,2,88,3,1
"585","10/05/2021",168,10,1,506,29,1,224,14,0,267,14,3,105,5,1
"586","10/06/2021",137,13,4,487,13,6,219,11,2,230,22,1,74,7,2
"587","10/07/2021",121,15,3,406,13,2,181,8,3,273,20,4,98,6,1
"588","10/08/2021",126,8,0,451,15,7,167,11,2,190,10,5,77,3,1
"589","10/09/2021",67,14,0,250,26,3,95,10,1,145,14,4,55,4,0
"590","10/10/2021",62,11,1,308,20,5,94,7,3,151,7,3,72,7,4
"591","10/11/2021",108,9,1,363,17,1,173,10,0,224,15,6,67,5,1
"592","10/12/2021",128,7,0,463,14,1,201,9,0,239,18,1,112,4,1
"593","10/13/2021",121,14,1,410,27,2,227,14,0,237,14,5,115,8,1
"594","10/14/2021",109,11,0,426,12,2,174,8,1,205,17,4,111,2,1
"595","10/15/2021",112,11,2,322,12,2,164,14,0,207,20,3,81,4,0
"596","10/16/2021",56,10,0,194,20,4,55,5,0,137,16,1,47,6,1
"597","10/17/2021",49,2,2,260,28,3,80,8,1,131,9,3,66,2,0
"598","10/18/2021",108,10,1,364,20,5,142,2,1,179,18,3,80,9,1
"599","10/19/2021",93,12,1,314,17,3,136,8,2,172,11,3,83,3,1
"600","10/20/2021",99,8,1,294,19,4,157,9,0,175,9,2,75,7,0
"601","10/21/2021",85,6,2,341,18,3,132,3,1,166,18,6,87,6,1
"602","10/22/2021",86,12,2,262,17,1,131,5,1,139,11,3,76,3,2
"603","10/23/2021",55,7,1,162,15,4,94,6,0,79,10,5,61,6,0
"604","10/24/2021",37,8,3,198,16,4,68,7,0,83,9,4,57,4,3
"605","10/25/2021",94,5,2,363,13,5,168,4,0,187,11,2,82,2,0
"606","10/26/2021",64,6,2,238,19,2,101,4,1,125,9,2,69,5,0
"607","10/27/2021",100,8,0,288,18,5,146,7,1,153,14,3,71,2,0
"608","10/28/2021",82,9,1,311,11,2,122,10,1,145,8,2,77,1,1
"609","10/29/2021",87,6,1,230,8,0,123,8,1,145,8,2,56,3,0
"610","10/30/2021",41,6,0,158,12,2,61,3,3,101,5,4,39,4,1
"611","10/31/2021",47,5,0,199,8,0,59,8,1,109,8,5,32,3,1
"612","11/01/2021",74,7,0,313,12,2,141,4,1,195,13,1,56,4,0
"613","11/02/2021",78,11,1,302,19,3,173,4,0,191,10,2,60,7,3
"614","11/03/2021",75,12,1,300,24,1,181,5,1,202,9,3,66,4,0
"615","11/04/2021",108,6,0,349,14,3,208,3,0,187,15,0,53,3,1
"616","11/05/2021",90,9,1,290,13,3,148,4,0,186,5,1,54,4,0
"617","11/06/2021",57,11,1,198,15,2,74,4,0,136,8,4,42,3,4
"618","11/07/2021",46,4,0,205,16,3,104,1,1,135,10,2,52,5,2
"619","11/08/2021",140,13,2,401,15,1,230,2,1,270,8,3,93,6,1
"620","11/09/2021",100,6,3,358,9,5,243,5,0,246,11,2,90,5,2
"621","11/10/2021",122,12,0,363,16,2,237,4,1,256,12,2,68,2,1
"622","11/11/2021",90,9,1,346,22,4,167,3,0,225,13,1,46,3,0
"623","11/12/2021",109,8,2,372,17,6,201,6,1,256,12,2,89,0,3
"624","11/13/2021",65,5,1,241,20,3,105,4,0,153,10,0,50,6,1
"625","11/14/2021",47,3,2,257,17,1,142,4,1,169,12,1,70,5,1
"626","11/15/2021",136,8,2,428,9,3,253,11,2,320,16,2,126,4,0
"627","11/16/2021",151,7,2,430,8,1,286,9,1,303,13,4,100,6,2
"628","11/17/2021",163,12,1,432,17,1,281,9,2,354,11,2,99,4,1
"629","11/18/2021",172,13,2,428,20,3,297,2,0,318,16,3,95,4,0
"630","11/19/2021",114,4,1,353,18,2,268,6,1,330,21,4,119,4,0
"631","11/20/2021",71,8,2,279,17,3,143,6,1,253,13,4,80,3,0
"632","11/21/2021",74,4,1,293,14,1,149,9,0,233,13,2,91,3,0
"633","11/22/2021",152,12,0,517,15,3,297,6,0,413,18,2,148,5,1
"634","11/23/2021",144,10,1,482,21,4,286,3,0,354,20,1,114,11,0
"635","11/24/2021",160,16,2,460,17,6,255,12,1,386,16,2,155,8,1
"636","11/25/2021",35,11,0,189,26,3,103,5,0,148,23,3,56,3,2
"637","11/26/2021",142,15,1,364,19,2,198,10,1,352,23,4,114,10,1
"638","11/27/2021",100,6,1,302,22,3,157,13,1,306,18,2,105,5,2
"639","11/28/2021",89,9,2,318,16,1,191,6,0,333,24,6,128,5,0
"640","11/29/2021",287,13,1,661,31,5,455,10,1,684,22,3,238,8,0
"641","11/30/2021",278,20,0,577,22,3,395,11,0,574,34,2,179,6,1
"642","12/01/2021",279,15,4,700,30,7,395,18,0,584,25,3,220,4,2
"643","12/02/2021",307,15,4,629,34,6,396,14,1,561,23,3,214,7,1
"644","12/03/2021",241,23,1,579,24,7,318,17,1,554,35,2,200,8,2
"645","12/04/2021",172,17,2,382,30,4,186,14,1,412,20,3,169,4,0
"646","12/05/2021",122,17,0,463,31,6,237,16,4,418,31,4,162,10,0
"647","12/06/2021",365,23,2,849,59,3,580,16,1,749,38,2,253,6,0
"648","12/07/2021",333,29,5,895,39,4,676,17,0,745,42,3,268,9,3
"649","12/08/2021",339,26,2,982,50,1,808,20,0,738,48,4,263,5,0
"650","12/09/2021",354,32,4,913,40,3,733,17,1,746,44,2,268,8,0
"651","12/10/2021",345,44,2,983,50,7,728,26,1,776,40,6,253,15,0
"652","12/11/2021",267,28,1,619,43,1,483,15,4,592,35,2,193,11,0
"653","12/12/2021",258,27,5,870,46,7,790,16,0,661,41,4,213,11,1
"654","12/13/2021",744,38,1,2390,59,6,2374,37,2,1575,61,9,440,11,2
"655","12/14/2021",925,39,1,3419,65,6,4086,40,3,1939,57,5,498,10,3
"656","12/15/2021",1093,50,5,4123,74,1,4933,35,2,2405,55,1,607,14,1
"657","12/16/2021",1329,96,2,4513,103,4,4782,56,4,2617,77,1,610,16,2
"658","12/17/2021",1509,81,2,4275,78,12,4278,55,3,2766,79,5,711,19,1
"659","12/18/2021",1060,54,2,3241,100,7,2696,43,3,2327,71,5,613,21,1
"660","12/19/2021",1072,89,5,3433,107,12,2710,54,4,2632,84,3,695,17,1
"661","12/20/2021",3656,81,2,8928,149,9,7897,76,2,5987,99,0,1459,26,0
"662","12/21/2021",4591,101,2,9441,143,1,7068,79,2,7458,123,4,1825,19,2
"663","12/22/2021",5508,180,3,9451,195,12,6308,116,2,8154,181,10,1965,25,1
"664","12/23/2021",5373,181,2,9600,213,5,6314,113,4,8556,163,8,1952,30,4
"665","12/24/2021",2945,145,9,5569,207,18,3074,80,1,4866,134,10,1000,19,2
"666","12/25/2021",1419,144,7,2341,204,7,1409,112,5,2160,140,9,457,22,5
"667","12/26/2021",3720,181,4,7214,262,11,3607,113,4,6564,162,12,1866,34,3
"668","12/27/2021",9813,272,8,15020,325,10,8464,146,5,14191,199,12,3714,36,1
"669","12/28/2021",9854,205,6,14186,275,13,7963,150,5,14322,208,13,3304,41,1
"670","12/29/2021",10119,265,15,14286,298,17,7729,134,6,14725,219,4,3588,53,2
"671","12/30/2021",9346,303,5,13474,328,17,7560,162,4,13917,207,9,3105,56,0
"672","12/31/2021",5134,169,9,8729,295,19,4578,138,10,8955,200,15,1699,42,2
"673","01/01/2022",1989,206,15,3537,265,17,1931,156,9,3727,210,16,876,52,1
"674","01/02/2022",4914,355,11,10135,370,19,5081,219,7,9869,315,22,2471,60,3
"675","01/03/2022",10556,351,11,16619,323,25,9103,183,8,15197,260,21,3414,29,2
"676","01/04/2022",10264,322,12,13823,285,31,8741,151,9,13367,225,18,2952,51,6
"677","01/05/2022",7961,292,11,11180,367,23,7088,169,15,11440,265,25,2532,58,7
"678","01/06/2022",6979,276,13,10461,271,30,6327,155,23,10481,219,23,2093,47,4
"679","01/07/2022",4231,208,12,6869,265,24,4346,137,15,6429,188,34,1318,40,2
"680","01/08/2022",2700,204,12,4838,225,41,2519,125,10,5011,170,28,1106,46,6
"681","01/09/2022",1858,165,22,4689,226,47,2106,127,16,4561,168,31,1122,43,6
"682","01/10/2022",4499,258,20,7549,260,37,4062,154,20,7291,210,25,1611,55,8
"683","01/11/2022",3357,189,23,5551,253,44,2882,123,19,5454,176,40,1284,44,5
"684","01/12/2022",3012,166,25,5676,237,44,3207,118,25,5410,209,22,1119,45,4
"685","01/13/2022",2505,162,18,5249,217,45,2545,122,24,4816,203,33,973,42,6
"686","01/14/2022",2206,176,28,4115,208,40,2323,116,17,3833,167,40,804,31,5
"687","01/15/2022",887,117,14,2232,175,40,985,73,18,2118,120,25,535,42,3
"688","01/16/2022",789,101,20,2413,135,49,1178,65,17,2060,123,25,452,33,3
"689","01/17/2022",1187,104,24,3548,168,30,1645,84,13,2760,140,32,679,49,8
"690","01/18/2022",1616,125,28,3580,149,36,2059,85,13,2952,139,34,707,20,7
"691","01/19/2022",1251,103,17,3002,134,28,1738,67,13,2471,104,25,560,34,8
"692","01/20/2022",952,101,17,2315,156,35,1436,86,25,1887,101,33,449,23,6
"693","01/21/2022",766,101,19,1778,139,42,1152,73,14,1708,79,26,389,15,6
"694","01/22/2022",465,81,10,1200,96,37,536,45,6,1157,85,24,273,19,8
"695","01/23/2022",351,60,18,1232,87,37,605,42,18,982,78,26,227,17,2
"696","01/24/2022",817,111,16,1997,99,42,1224,63,10,1551,74,29,425,15,14
"697","01/25/2022",581,86,19,1604,119,37,999,43,18,1249,78,25,328,25,2
"698","01/26/2022",517,62,24,1454,87,29,899,46,16,1075,73,35,250,20,5
"699","01/27/2022",443,56,13,1189,94,26,786,43,9,953,58,23,259,30,8
"700","01/28/2022",307,48,15,893,53,30,568,43,17,756,52,20,197,16,14
"701","01/29/2022",69,23,13,140,49,28,147,21,13,127,39,18,29,9,4
"702","01/30/2022",138,23,16,488,52,32,319,16,9,364,37,24,116,17,5
"703","01/31/2022",638,58,13,906,72,34,639,21,13,706,48,18,221,16,7
"704","02/01/2022",282,32,12,757,61,20,521,23,9,527,54,27,148,11,2
"705","02/02/2022",261,39,12,832,51,31,528,15,14,542,51,27,159,11,8
"706","02/03/2022",253,31,12,752,57,21,418,16,14,457,28,16,121,11,8
"707","02/04/2022",176,25,11,495,44,11,323,28,11,426,45,13,117,14,4
"708","02/05/2022",117,30,14,298,33,12,195,18,10,266,30,12,70,7,3
"709","02/06/2022",70,17,9,263,26,21,218,16,9,238,38,7,78,9,7
"710","02/07/2022",190,21,5,529,33,18,368,19,4,404,29,6,111,4,4
"711","02/08/2022",195,36,8,529,47,28,376,13,6,314,29,12,101,5,2
"712","02/09/2022",158,24,8,405,39,14,342,15,8,329,29,16,80,7,4
"713","02/10/2022",128,20,4,402,34,14,297,15,5,325,16,11,72,3,6
"714","02/11/2022",133,22,10,317,34,11,236,12,7,229,31,10,67,10,5
"715","02/12/2022",67,15,7,214,23,7,145,13,4,150,10,10,59,8,5
"716","02/13/2022",54,15,12,153,11,17,105,10,4,110,15,7,35,6,3
"717","02/14/2022",96,18,3,357,27,10,277,12,3,217,20,2,69,3,4
"718","02/15/2022",91,14,2,299,29,5,269,7,5,205,16,11,74,8,1
"719","02/16/2022",89,12,7,317,26,10,250,10,3,220,21,9,60,3,2
"720","02/17/2022",81,10,7,268,20,15,232,17,11,205,23,7,45,4,1
"721","02/18/2022",70,15,4,214,13,13,149,8,8,174,20,7,56,6,3
"722","02/19/2022",40,11,6,103,16,10,123,6,2,125,15,12,34,2,1
"723","02/20/2022",45,11,3,115,14,8,118,4,0,73,7,4,31,3,1
"724","02/21/2022",47,11,3,155,7,9,161,9,3,160,12,12,36,1,2
"725","02/22/2022",66,11,2,219,20,4,192,2,2,153,13,4,54,9,0
"726","02/23/2022",68,13,3,200,9,6,259,7,2,140,11,7,36,3,1
"727","02/24/2022",77,11,4,176,8,6,204,9,3,163,12,3,40,3,2
"728","02/25/2022",32,4,4,184,18,3,165,4,2,119,11,6,38,7,2
"729","02/26/2022",32,5,0,105,9,1,109,6,1,69,10,4,21,2,0
"730","02/27/2022",27,5,1,126,7,4,115,4,5,68,10,8,24,4,1
"731","02/28/2022",57,9,3,197,15,1,248,8,1,156,17,1,49,2,0
"732","03/01/2022",56,11,4,181,11,3,230,8,2,111,10,7,33,4,3
"733","03/02/2022",47,11,2,190,13,9,235,3,2,121,9,2,46,5,1
"734","03/03/2022",51,9,0,159,10,4,230,8,1,123,11,2,23,4,1
"735","03/04/2022",45,8,2,139,10,4,150,7,1,106,14,3,21,1,0
"736","03/05/2022",29,7,5,86,5,2,107,3,1,66,7,1,29,4,2
"737","03/06/2022",23,5,2,122,5,2,109,3,1,69,5,3,16,2,0
"738","03/07/2022",38,3,1,230,6,3,241,5,0,110,7,5,37,4,2
"739","03/08/2022",52,5,1,245,7,4,238,5,0,111,3,1,36,3,0
"740","03/09/2022",42,8,2,221,6,3,229,2,2,109,8,4,25,4,0
"741","03/10/2022",49,7,3,241,10,3,259,2,2,119,9,2,30,0,0
"742","03/11/2022",59,5,1,207,7,3,203,5,1,104,3,3,30,2,0
"743","03/12/2022",21,4,2,104,6,4,101,3,1,60,6,2,14,1,0
"744","03/13/2022",35,2,1,129,7,3,151,2,1,92,11,2,27,2,2
"745","03/14/2022",69,3,3,328,7,3,320,9,2,147,13,4,36,2,3
"746","03/15/2022",61,8,6,313,8,1,300,7,3,141,3,0,33,3,0
"747","03/16/2022",70,5,2,275,5,1,349,5,0,154,7,5,24,3,1
"748","03/17/2022",66,5,0,246,9,1,287,2,1,125,8,1,29,5,1
"749","03/18/2022",63,4,1,238,8,2,319,3,1,154,17,1,28,2,1
"750","03/19/2022",26,4,0,132,5,3,174,9,0,90,1,1,26,3,1
"751","03/20/2022",28,3,0,211,11,1,252,4,3,134,7,2,29,1,1
"752","03/21/2022",105,6,0,398,9,2,555,6,1,207,3,0,45,3,0
"753","03/22/2022",92,6,0,426,10,1,497,7,0,214,4,2,55,4,1
"754","03/23/2022",85,6,1,403,6,0,492,7,0,225,3,0,63,0,3
"755","03/24/2022",104,2,1,356,11,1,447,2,2,217,6,1,53,3,0
"756","03/25/2022",94,5,3,333,10,0,411,10,0,211,14,2,45,0,0
"757","03/26/2022",49,4,2,230,4,1,217,5,3,128,10,0,55,2,0
"758","03/27/2022",48,4,1,268,8,3,272,2,1,150,5,1,39,3,0
"759","03/28/2022",124,6,1,437,7,2,570,7,2,303,10,0,77,2,0
"760","03/29/2022",110,2,2,481,12,1,494,2,0,261,11,2,89,2,0
"761","03/30/2022",119,9,0,455,13,3,549,6,0,310,13,1,82,0,1
"762","03/31/2022",97,5,1,447,8,1,588,15,0,277,9,1,99,6,0
"763","04/01/2022",112,5,1,399,6,1,475,14,1,283,5,2,66,5,0
"764","04/02/2022",70,5,0,286,7,0,311,8,0,175,8,1,35,1,1
"765","04/03/2022",54,7,2,292,6,0,305,6,1,189,4,0,63,3,1
"766","04/04/2022",186,3,1,618,10,0,793,14,2,456,10,2,96,2,0
"767","04/05/2022",148,8,0,629,24,2,718,5,0,367,7,1,111,4,1
"768","04/06/2022",149,6,1,649,18,1,823,8,0,386,11,1,88,2,0
"769","04/07/2022",144,8,0,587,16,0,775,9,0,380,11,2,121,1,0
"770","04/08/2022",135,10,0,550,14,1,643,11,0,427,9,1,127,4,1
"771","04/09/2022",69,6,0,371,13,1,401,10,2,263,14,1,65,1,1
"772","04/10/2022",69,10,3,343,7,2,450,15,0,240,10,2,88,2,1
"773","04/11/2022",222,10,0,765,15,0,935,16,1,504,14,1,167,6,0
"774","04/12/2022",206,11,1,712,13,3,889,11,1,495,10,0,121,2,0
"775","04/13/2022",201,8,1,732,18,0,907,9,0,576,9,0,191,6,1
"776","04/14/2022",192,7,0,638,15,2,802,12,2,551,10,4,122,5,0
"777","04/15/2022",137,13,1,592,15,4,672,6,2,478,17,0,123,4,0
"778","04/16/2022",116,9,0,350,12,1,322,8,0,329,11,1,87,1,1
"779","04/17/2022",80,12,1,289,9,1,302,13,0,234,13,2,61,3,0
"780","04/18/2022",186,10,0,663,21,2,764,11,0,564,15,0,167,4,1
"781","04/19/2022",180,6,0,673,23,2,733,12,0,596,18,2,114,3,1
"782","04/20/2022",193,7,0,581,21,0,683,8,0,583,11,1,125,2,0
"783","04/21/2022",177,11,1,614,13,3,553,11,0,495,15,1,157,12,0
"784","04/22/2022",171,8,0,512,21,3,464,23,2,518,26,1,151,9,0
"785","04/23/2022",116,14,0,462,15,2,337,11,0,405,14,1,90,3,0
"786","04/24/2022",112,8,0,422,14,0,349,11,0,427,14,3,151,2,1
"787","04/25/2022",293,5,0,928,16,0,760,20,2,768,17,1,168,9,0
"788","04/26/2022",258,17,1,827,13,2,901,11,2,756,27,1,197,5,1
"789","04/27/2022",298,17,1,830,26,1,758,24,0,759,18,3,141,5,0
"790","04/28/2022",246,10,1,804,31,0,691,18,3,764,16,0,159,3,0
"791","04/29/2022",229,19,1,828,20,0,816,16,0,763,18,2,148,6,0
"792","04/30/2022",136,14,1,497,14,1,380,15,1,491,22,2,111,5,2
"793","05/01/2022",130,9,1,563,19,2,591,15,0,479,17,1,111,3,0
"794","05/02/2022",295,15,0,1191,20,2,1192,15,2,1000,15,0,210,4,1
"795","05/03/2022",329,19,1,1125,25,1,1017,21,1,1064,24,2,236,6,0
"796","05/04/2022",327,11,0,1116,29,0,962,25,2,1045,15,1,264,9,1
"797","05/05/2022",375,24,0,1078,23,1,798,20,2,1085,25,1,231,11,0
"798","05/06/2022",279,11,3,876,24,2,705,17,0,981,26,1,239,10,0
"799","05/07/2022",162,15,0,522,22,3,441,16,1,567,14,3,160,10,0
"800","05/08/2022",150,8,0,633,19,3,457,13,0,538,19,0,192,7,0
"801","05/09/2022",472,15,0,1265,28,5,1008,26,1,1296,24,1,304,9,1
"802","05/10/2022",375,20,0,1331,24,0,908,19,1,1145,33,1,273,8,0
"803","05/11/2022",433,28,0,1257,36,5,955,14,1,1143,22,3,294,5,1
"804","05/12/2022",440,24,1,1210,17,6,860,24,1,1169,27,1,312,10,0
"805","05/13/2022",404,23,0,1078,43,1,712,22,0,1060,30,1,266,9,0
"806","05/14/2022",235,16,2,733,36,2,507,21,2,739,29,4,213,4,2
"807","05/15/2022",205,21,1,747,18,4,450,11,2,634,26,2,195,9,0
"808","05/16/2022",556,16,2,1399,33,1,976,29,0,1247,33,3,318,14,0
"809","05/17/2022",477,28,1,1203,26,2,964,32,2,1153,24,0,337,13,2
"810","05/18/2022",549,15,0,1253,25,6,930,31,0,1176,31,2,344,7,0
"811","05/19/2022",489,11,1,1141,24,2,789,15,1,1044,22,1,279,11,0
"812","05/20/2022",429,36,2,1028,29,1,761,22,2,971,36,4,244,6,0
"813","05/21/2022",287,36,3,664,36,6,575,20,2,728,27,3,195,15,0
"814","05/22/2022",212,17,0,720,43,1,598,23,1,611,26,3,188,6,1
"815","05/23/2022",557,20,1,1404,42,4,1093,35,2,1277,34,1,363,7,1
"816","05/24/2022",520,10,2,1175,49,6,959,15,2,1017,28,2,275,8,2
"817","05/25/2022",453,26,2,1197,49,4,885,23,0,1086,29,3,263,8,2
"818","05/26/2022",429,24,1,995,30,4,724,23,0,914,27,2,234,15,0
"819","05/27/2022",370,22,0,879,29,2,691,13,2,837,24,3,178,7,1
"820","05/28/2022",193,11,1,566,20,4,484,16,2,590,13,1,173,12,0
"821","05/29/2022",181,14,1,599,37,2,404,11,1,483,17,3,119,8,5
"822","05/30/2022",208,19,1,518,28,4,425,18,2,466,24,0,102,10,0
"823","05/31/2022",512,22,2,1313,29,3,1000,28,0,1154,36,1,295,9,0
"824","06/01/2022",501,19,2,1115,36,3,802,16,2,947,28,2,231,9,0
"825","06/02/2022",378,20,1,1009,29,5,751,25,2,844,32,5,206,9,0
"826","06/03/2022",346,15,0,803,31,5,653,14,1,820,28,1,169,7,1
"827","06/04/2022",193,8,4,530,22,1,402,10,1,507,16,2,139,10,2
"828","06/05/2022",172,19,1,474,23,4,393,13,3,510,16,2,115,8,0
"829","06/06/2022",425,22,1,982,34,4,710,21,2,983,32,4,214,9,3
"830","06/07/2022",378,24,1,896,30,1,603,11,2,849,21,1,175,7,1
"831","06/08/2022",335,21,2,913,46,4,625,19,3,841,31,4,197,8,2
"832","06/09/2022",314,15,1,788,40,5,563,29,2,701,28,3,161,4,1
"833","06/10/2022",318,19,3,720,35,1,480,14,3,737,29,5,157,6,0
"834","06/11/2022",196,15,3,411,34,4,252,16,0,493,19,5,103,5,1
"835","06/12/2022",154,17,1,425,23,3,341,16,3,453,25,4,136,2,1
"836","06/13/2022",451,22,1,930,39,3,654,17,0,878,34,1,203,11,1
"837","06/14/2022",335,22,2,877,28,1,633,23,1,813,33,0,199,11,0
"838","06/15/2022",380,31,0,905,43,1,594,19,2,768,31,1,177,9,0
"839","06/16/2022",324,24,1,723,34,6,564,30,2,676,31,2,173,8,0
"840","06/17/2022",334,34,2,697,30,3,517,21,1,744,21,3,141,6,0
"841","06/18/2022",241,22,2,524,30,3,388,10,1,528,20,0,117,5,0
"842","06/19/2022",160,12,0,438,36,1,367,12,0,507,27,1,101,9,1
"843","06/20/2022",321,21,1,682,35,5,541,21,1,734,32,2,159,9,0
"844","06/21/2022",479,19,2,1085,50,2,845,29,3,1003,34,4,228,6,1
"845","06/22/2022",480,26,1,889,38,0,731,33,2,983,31,2,196,11,1
"846","06/23/2022",380,17,2,843,32,3,688,27,1,844,28,4,174,10,1
"847","06/24/2022",385,31,0,809,52,2,603,25,4,830,25,5,175,7,2
"848","06/25/2022",267,23,3,603,26,4,463,25,0,598,15,4,133,5,0
"849","06/26/2022",225,17,0,620,37,3,418,19,1,651,30,3,137,6,0
"850","06/27/2022",505,35,0,1116,25,4,830,27,5,1066,31,2,258,10,1
"851","06/28/2022",505,23,2,1139,31,3,780,21,2,984,16,3,194,14,0
"852","06/29/2022",496,34,1,1002,40,3,824,19,2,1028,17,1,214,6,2
"853","06/30/2022",504,48,2,865,35,5,705,27,0,870,23,1,176,7,0
"854","07/01/2022",452,31,2,817,35,2,663,23,0,847,23,1,185,9,2
"855","07/02/2022",310,16,0,542,19,5,483,29,3,658,24,1,159,6,0
"856","07/03/2022",290,30,0,613,34,6,484,19,2,619,20,3,150,5,1
"857","07/04/2022",265,15,1,413,27,5,424,25,2,486,30,4,96,7,0
"858","07/05/2022",765,46,2,1407,40,7,1064,21,0,1479,20,1,320,11,0
"859","07/06/2022",620,39,1,1162,31,3,944,23,1,1201,31,1,274,9,0
"860","07/07/2022",589,41,2,1193,48,1,881,20,2,1176,25,1,248,17,1
"861","07/08/2022",507,29,1,1089,43,2,753,21,0,1103,29,0,234,7,0
"862","07/09/2022",363,23,1,720,44,0,455,17,1,716,19,6,177,7,1
"863","07/10/2022",258,19,1,700,26,0,512,20,2,738,29,0,173,6,0
"864","07/11/2022",713,33,1,1305,37,0,1016,27,2,1400,24,1,304,9,1
"865","07/12/2022",659,32,1,1177,35,3,811,28,1,1165,23,2,214,4,0
"866","07/13/2022",590,31,1,1089,34,1,781,22,1,1049,29,3,191,8,0
"867","07/14/2022",560,20,1,1079,16,0,693,9,0,1006,16,1,203,4,0
"868","07/15/2022",435,5,0,958,4,0,602,2,0,846,2,1,169,0,0
